"";"study";"outcome_category";"condition_arm1";"condition_arm2";"multi_arm1";"multi_arm2";"outcome_type";"instrument";"outcome_subcategory";"time";"time_weeks";".g";".g_se";"mean_arm1";"sd_arm1";"n_arm1";"mean_arm2";"sd_arm2";"n_arm2";"mean_change_arm1";"mean_change_arm2";"sd_change_arm1";"sd_change_arm2";"n_change_arm1";"n_change_arm2";"dich";"event_arm1";"event_arm2";"totaln_arm1";"totaln_arm2";"precalc_g";"precalc_g_se";"precalc_log_rr";"precalc_log_rr_se";"baseline_m_arm1";"baseline_sd_arm1";"baseline_n_arm1";"baseline_mean_arm2";"baseline_sd_arm2";"baseline_n_arm2";"year";"country";"specific_group";"perinatal";"disorder";"diagnosis_inclusion";"recruitment";"in_out_patients";"percent_women";"mean_age";"format";"delivery";"delivery2";"duration_int";"structure_intervention";"RoB_D1";"RoB_D2";"RoB_D3";"RoB_D4";"RoB_D5";"overall_RoB";"rating";".id";"rob"
"1";"Boevink, 2016";"Clinical recovery";"Peer support";"WL";NA;NA;"msd";"CAPE";"Psychosis";"post";12;-0,05;0,17;1,8;0,38;65;1,78;0,46;73;NA;NA;NA;NA;NA;NA;NA;NA;NA;NA;NA;NA;NA;NA;NA;"NR";"NR";"NR";NA;NA;NA;2016;"NL";"No";"No";"SMI";"diagnosis";"Clinical";"Inpatients + outpatients";47,4;43,9;"Group";"Face to face";"In person";"12 months";"Structured";"Some concerns";"Low risk";"Some concerns";"Some concerns";"Some concerns";"High risk";NA;"Boevink_2016_msd_CAPE_post_12.0_NA_Peersupport_WL_NA_NA";0
"2";"Boevink, 2016";"Functional recovery";"Peer support";"WL";NA;NA;"msd";"Lancashire Quality of Life Profile";"QoL";"post";12;0,113364492552044;0,170970957254762;4,63;1,28;64;4,49;1,18;72;NA;NA;NA;NA;NA;NA;NA;NA;NA;NA;NA;NA;NA;NA;NA;NA;NA;NA;NA;NA;NA;2016;"NL";"No";"No";"SMI";"diagnosis";"Clinical";"Inpatients + outpatients";47,4;43,9;"Group";"Face to face";"In person";"104 weeks total duration. 52 weeks before first assessment";"Structured";"Some concerns";"Low risk";"Some concerns";"Some concerns";"Some concerns";"High risk";NA;"Boevink_2016_msd_LancashireQualityofLifeProfile_post_12.0_NA_Peersupport_WL_NA_NA";0
"3";"Boevink, 2016";"Personal recovery";"Peer support";"WL";NA;NA;"msd";"Boston Empowerment Scale";"Empowerment/Self-efficacy";"post";12;-0,203440096003736;0,170037429682004;2,73;0,26;65;2,79;0,32;73;NA;NA;NA;NA;NA;NA;NA;NA;NA;NA;NA;NA;NA;NA;NA;NA;NA;NA;NA;NA;NA;2016;"NL";"No";"No";"SMI";"diagnosis";"Clinical";"Inpatients + outpatients";47,4;43,9;"Group";"Face to face";"In person";"12 months";"Structured";"Some concerns";"Low risk";"Some concerns";"Some concerns";"Some concerns";"High risk";NA;"Boevink_2016_msd_BostonEmpowermentScale_post_12.0_NA_Peersupport_WL_NA_NA";0
"4";"Castelein, 2008";"Functional recovery";"Peer support";"WL";NA;NA;"msd";"WHOQOL -total";"QoL";"post";8;0,160994334799564;0,193478808254927;60,9;10;56;59,2;11;50;NA;NA;NA;NA;NA;NA;NA;NA;NA;NA;NA;NA;NA;NA;NA;NA;NA;NA;NA;NA;NA;2008;"NL";"No";"No";"SMI";"diagnosis";"Clinical";NA;34,5;38,55;"Group";"Face to face";"In person";"8 months";"Unstructured";"Low risk";"Low risk";"Low risk";"Some concerns";"Some concerns";"Some concerns";NA;"Castelein_2008_msd_WHOQOL-total_post_8.0_NA_Peersupport_WL_NA_NA";0
"5";"Castelein, 2008";"Personal recovery";"Peer support";"WL";NA;NA;"msd";"Mental Health Confidence Scale -total score";"Empowerment/Self-efficacy";"post";8;0,202501643740834;0,19366263921595;67,5;12;56;64,8;14,5;50;NA;NA;NA;NA;NA;NA;"EPDS > 12";3;11;20;22;NA;NA;NA;NA;NA;NA;NA;NA;NA;NA;2008;"NL";"No";"No";"SMI";"diagnosis";"Clinical";NA;34,5;38,55;"Group";"Face to face";"In person";"8 months";"Unstructured";"Low risk";"Low risk";"Low risk";"Some concerns";"Some concerns";"Some concerns";NA;"Castelein_2008_msd_MentalHealthConfidenceScale-totalscore_post_8.0_NA_Peersupport_WL_NA_NA";0
"6";"Cook, 2012a";"Clinical recovery";"Peer support";"WL";NA;NA;"msd";"Brief Symptom Inventory - Global";"Global severity";"post";2;0,193327292163703;0,0935406758478112;0,72;0,64;224;0,85;0,7;234;NA;NA;NA;NA;NA;NA;NA;NA;NA;NA;NA;NA;NA;NA;NA;"0.76";"0.72";"251";0,73;0,73;268;2012;"USA";"No";"No";"SMI";"diagnosis";"Mixed";NA;66;45,8;"Group";"Face to face";"In person";"2 months";"Structured";"Low risk";"Low risk";"High risk";"Low risk";"Some concerns";"High risk";NA;"Cook_2012a_msd_BriefSymptomInventory-Global_post_2.0_NA_Peersupport_WL_NA_NA";0
"7";"Cook, 2012a";"Functional recovery";"Peer support";"WL";NA;NA;"msd";"WHOQOL-BREF - environment";"QoL";"post";2;0,06934382782151;0,0933504401735727;13,7;2,97;224;13,5;2,79;234;NA;NA;NA;NA;NA;NA;NA;NA;NA;NA;NA;NA;NA;NA;NA;NA;NA;NA;NA;NA;NA;2012;"USA";"No";"No";"SMI";"diagnosis";"Mixed";NA;66;45,8;"Group";"Face to face";"In person";"8 weeks";"Structured";"Low risk";"Low risk";"High risk";"Low risk";"Some concerns";"High risk";NA;"Cook_2012a_msd_WHOQOL-BREF-environment_post_2.0_NA_Peersupport_WL_NA_NA";0
"8";"Cook, 2012a";"Personal recovery";"Peer support";"WL";NA;NA;"msd";"RAS - total";"Recovery - global";"post";2;0,207580312230314;0,0940834603045108;92,9;14,2;222;90;13,7;231;NA;NA;NA;NA;NA;NA;"CES-D > 16";35;52;52;71;NA;NA;NA;NA;NA;NA;NA;NA;NA;NA;2012;"USA";"No";"No";"SMI";"diagnosis";"Mixed";NA;66;45,8;"Group";"Face to face";"In person";"2 months";"Structured";"Low risk";"Low risk";"High risk";"Low risk";"Some concerns";"High risk";NA;"Cook_2012a_msd_RAS-total_post_2.0_NA_Peersupport_WL_NA_NA";0
"9";"Cook, 2012b";"Personal recovery";"Peer support";"WL";NA;NA;"msd";"RAS - total";"Recovery - global";"post";3,5;0,280562779871063;0,108442635555124;94,84;12,83;170;91,01;14,36;172;NA;NA;NA;NA;NA;NA;NA;NA;NA;NA;NA;NA;NA;NA;NA;NA;NA;NA;NA;NA;NA;2012;"USA";"No";"No";"SMI";"diagnosis";"Mixed";NA;55,6;42,8;"Group";"Face to face";"In person";"2 months";"Structured";"Low risk";"Low risk";"High risk";"Low risk";"Some concerns";"High risk";NA;"Cook_2012b_msd_RAS-total_post_3.5_NA_Peersupport_WL_NA_NA";0
"10";"Corrigan, 2017";"Clinical recovery";"Peer support";"CAU";NA;NA;"msd";"Texas Christian University Health Form (TCU-HF) - psychological distress";"Global symptoms";"post";8;0,256288563537989;0,242548201824647;23;8,04;34;25,2;8,92;33;NA;NA;NA;NA;NA;NA;NA;NA;NA;NA;NA;NA;NA;NA;NA;"26.8";"7.61";"34";27,4;8,75;33;2017;"USA";"Yes";"No";"SMI";"diagnosis";"Mixed";NA;39;52,88;"Individual";"Face to face";"In person";"Unclear";"Unstructured";"Some concerns";"Low risk";"Low risk";"Some concerns";"Some concerns";"Some concerns";NA;"Corrigan_2017_msd_TexasChristianUniversityHealthForm(TCU-HF)-psychologicaldistress_post_8.0_NA_Peersupport_CAU_NA_NA";0
"11";"Corrigan, 2017";"Functional recovery";"Peer support";"CAU";NA;NA;"msd";"SF-36 - POOLED";"QoL";"post";8;0,209;0,243;NA;NA;34;NA;NA;33;NA;NA;NA;NA;NA;NA;NA;NA;NA;NA;NA;NA;NA;NA;NA;NA;NA;NA;NA;NA;NA;2017;"USA";"Yes";"No";"SMI";"diagnosis";"Mixed";NA;39;52,88;"Individual";"Face to face";"In person";"unclear";"Unstructured";"Some concerns";"Low risk";"Low risk";"Some concerns";"Some concerns";"Some concerns";NA;"Corrigan_2017_msd_SF-36-POOLED_post_8.0_NA_Peersupport_CAU_NA_NA";0
"12";"Corrigan, 2017";"Personal recovery";"Peer support";"CAU";NA;NA;"msd";"RAS - Total";"Recovery - global";"post";8;-0,079;0,243;NA;NA;34;NA;NA;34;NA;NA;NA;NA;NA;NA;"Presence of MDD diagnosis (SCID) at 12 months";5;7;21;20;NA;NA;NA;NA;NA;NA;NA;NA;NA;NA;2017;"USA";"Yes";"No";"SMI";"diagnosis";"Mixed";NA;39;52,88;"Individual";"Face to face";"In person";"Unclear";"Unstructured";"Some concerns";"Low risk";"Low risk";"Some concerns";"Some concerns";"Some concerns";NA;"Corrigan_2017_msd_RAS-Total_post_8.0_NA_Peersupport_CAU_NA_NA";0
"13";"Corrigan, 2018";"Functional recovery";"Peer support";"CAU";NA;NA;"msd";"Quality of Life Scale (QLS)";"QoL";"post";8;0;0,1893651917388;26,4;5,6;55;26,4;7,5;55;NA;NA;NA;NA;NA;NA;NA;NA;NA;NA;NA;NA;NA;NA;NA;NA;NA;NA;NA;NA;NA;2018;"USA";"Yes";"No";"SMI";"diagnosis";"Clinical";NA;58,5;45,65;"Individual";"Face to face";"In person";"6 months";"Unstructured";"High risk";"High risk";"High risk";"Some concerns";"Some concerns";"High risk";NA;"Corrigan_2018_msd_QualityofLifeScale(QLS)_post_8.0_NA_Peersupport_CAU_NA_NA";0
"14";"Corrigan, 2018";"Personal recovery";"Peer support";"CAU";NA;NA;"msd";"RAS - total";"Recovery - global";"post";8;0,184897979602933;0,18977505761201;87,4;9,9;55;85,5;10,5;55;NA;NA;NA;NA;NA;NA;NA;NA;NA;NA;NA;0,459;0,254;NA;NA;NA;NA;NA;NA;NA;NA;2018;"USA";"Yes";"No";"SMI";"diagnosis";"Clinical";NA;58,5;45,65;"Individual";"Face to face";"In person";"6 months";"Unstructured";"High risk";"High risk";"High risk";"Some concerns";"Some concerns";"High risk";NA;"Corrigan_2018_msd_RAS-total_post_8.0_NA_Peersupport_CAU_NA_NA";0
"15";"Craig, 2004";"Functional recovery";"Peer support";"CAU";NA;NA;"msd";"Total LSP";"Functioning";"post";12;0,197000626784573;0,294298448931884;130,9;15,1;24;127,9;14,8;21;NA;NA;NA;NA;NA;NA;NA;NA;NA;NA;NA;NA;NA;NA;NA;NA;NA;NA;NA;NA;NA;2004;"UK";"Yes";"No";"SMI";"diagnosis";"Other";NA;33,3;37,6;"Individual";"Face to face";"In person";"12 months";"Unstructured";"Some concerns";"Low risk";"Low risk";"Low risk";"Some concerns";"Some concerns";NA;"Craig_2004_msd_TotalLSP_post_12.0_NA_Peersupport_CAU_NA_NA";0
"16";"Davidson, 2004";"Clinical recovery";"Peer support";"Other";NA;NA;"msd";"Brief Psychiatric Rating Scale";"Symptoms (transdiagnostic)";"post";9;0,28002529710761;0,157548384238115;11,34;8,42;95;9,14;6,92;70;NA;NA;NA;NA;NA;NA;NA;NA;NA;NA;NA;0,387;0,323;NA;NA;"13.42";"9.48";"95";11,86;8,8;70;2004;"USA";"No";"No";"SMI";"diagnosis";"Clinical";"Outpatients";43;42;"Individual";"Face to face";"In person";"9 months";"Unstructured";"Some concerns";"High risk";"High risk";"Some concerns";"Some concerns";"High risk";NA;"Davidson_2004_msd_BriefPsychiatricRatingScale_post_9.0_NA_Peersupport_Other_NA_NA";0
"17";"Davidson, 2004";"Functional recovery";"Peer support";"Other";NA;NA;"msd";"GAFâ€”Global Assessment of Functioning";"Functioning";"post";9;0,369414984349888;0,158105699950299;47,98;11,61;95;52,58;13,39;70;NA;NA;NA;NA;NA;NA;NA;NA;NA;NA;NA;NA;NA;NA;NA;NA;NA;NA;NA;NA;NA;2004;"USA";"No";"No";"SMI";"diagnosis";"Clinical";"Outpatients";43;42;"Individual";"Face to face";"In person";"9 months";"Unstructured";"Some concerns";"High risk";"High risk";"Some concerns";"Some concerns";"High risk";NA;"Davidson_2004_msd_GAFâ€”GlobalAssessmentofFunctioning_post_9.0_NA_Peersupport_Other_NA_NA";0
"18";"Davidson, 2004";"Personal recovery";"Peer support";"Other";NA;NA;"msd";"Well-being scale";"Recovery - global";"post";9;-0,20831034889395;0,157211224910845;56,73;11,57;95;59,23;12,44;70;NA;NA;NA;NA;NA;NA;NA;NA;NA;NA;NA;0,083;0,243;NA;NA;NA;NA;NA;NA;NA;NA;2004;"USA";"No";"No";"SMI";"diagnosis";"Clinical";"Outpatients";43;42;"Individual";"Face to face";"In person";"9 months";"Unstructured";"Some concerns";"High risk";"High risk";"Some concerns";"Some concerns";"High risk";NA;"Davidson_2004_msd_Well-beingscale_post_9.0_NA_Peersupport_Other_NA_NA";0
"19";"Dennis, 2003";"Clinical recovery";"Peer support";"CAU";NA;NA;"dich";"EPDS";"Depression";"post";2;0,938291614357721;0,409812059239974;NA;NA;NA;NA;NA;NA;NA;NA;NA;NA;NA;NA;NA;NA;NA;NA;NA;0,059;0,243;NA;NA;NA;NA;NA;NA;NA;NA;2003;"Canada";"Yes";"Yes";"depression";"cut-off";"Other";NA;100;NA;"Individual";"Telephone";"In distance";"Unclear";"Unstructured";"Low risk";"Low risk";"Low risk";"Low risk";"Some concerns";"Low risk";NA;"Dennis_2003_dich_EPDS_post_2.0_NA_Peersupport_CAU_NA_NA";2
"20";"Dennis, 2003";"Functional recovery";"Peer support";"CAU";NA;NA;"msd";"UCLA Loneliness Scale (LS)";"Loneliness";"post";2;0,611573124192229;0,313748394261793;20,37;5,23;20;23,91;6,07;21;NA;NA;NA;NA;NA;NA;NA;NA;NA;NA;NA;NA;NA;NA;NA;NA;NA;NA;NA;NA;NA;2003;"Canada";"Yes";"Yes";"depression";"cut-off";"Other";NA;100;NA;"Individual";"Telephone";"In distance";"unclear";"Unstructured";"Low risk";"Low risk";"Low risk";"Low risk";"Some concerns";"Low risk";NA;"Dennis_2003_msd_UCLALonelinessScale(LS)_post_2.0_NA_Peersupport_CAU_NA_NA";2
"21";"Dennis, 2003";"Personal recovery";"Peer support";"CAU";NA;NA;"msd";"Rosenberg Self-Esteem Scale";"Self-esteem";"post";2;0,348869593590615;0,308805898643781;30;4,21;20;28,57;3,83;21;NA;NA;NA;NA;NA;NA;NA;NA;NA;NA;NA;NA;NA;NA;NA;NA;NA;NA;NA;NA;NA;2003;"Canada";"Yes";"Yes";"depression";"cut-off";"Other";NA;100;NA;"Individual";"Telephone";"In distance";"Unclear";"Unstructured";"Low risk";"Low risk";"Low risk";"Low risk";"Some concerns";"Low risk";NA;"Dennis_2003_msd_RosenbergSelf-EsteemScale_post_2.0_NA_Peersupport_CAU_NA_NA";2
"22";"Dennis, 2009";"Clinical recovery";"Peer support";"CAU";NA;NA;"msd";"EPDS";"Depression";"post";3;0,192683350981326;0,0809682427793404;7,93;4,68;297;8,89;5,24;315;NA;NA;NA;NA;NA;NA;NA;NA;NA;NA;NA;NA;NA;NA;NA;"12.5";"2.8";"349";12,62;2,76;352;2009;"Canada";"Yes";"Yes";"depression";"cut-off";"Other";NA;100;NA;"Individual";"Telephone";"In distance";"3 mnonths";"Unstructured";"Low risk";"Low risk";"Some concerns";"Low risk";"Some concerns";"Some concerns";NA;"Dennis_2009_msd_EPDS_post_3.0_NA_Peersupport_CAU_NA_NA";0
"23";"Dennis, 2009";"Functional recovery";"Peer support";"CAU";NA;NA;"msd";"UCLA Loneliness Scale (LS)";"Loneliness";"post";3;0,0880655844817344;0,0808199242571512;19,59;6,16;297;20,14;6,31;315;NA;NA;NA;NA;NA;NA;NA;NA;NA;NA;NA;NA;NA;NA;NA;NA;NA;NA;NA;NA;NA;2009;"Canada";"Yes";"Yes";"depression";"cut-off";"Other";NA;100;NA;"Individual";"Telephone";"In distance";"12 weeks";"Unstructured";"Low risk";"Low risk";"Some concerns";"Low risk";"Some concerns";"Some concerns";NA;"Dennis_2009_msd_UCLALonelinessScale(LS)_post_3.0_NA_Peersupport_CAU_NA_NA";0
"24";"Gjerdingen, 2013";"Clinical recovery";"Peer support";"CAU";NA;NA;"msd";"CES-D";"Depression";"post";6;0,00907646489721413;0,389630800274205;17,8;9,9;11;17,9;11,2;14;NA;NA;NA;NA;NA;NA;NA;NA;NA;NA;NA;NA;NA;NA;NA;"32.5";"8.1999999999999993";"13";28,1;11,4;14;2013;"USA";"Yes";"Yes";"depression";"cut-off";"Mixed";NA;100;29,7;"Individual";"Telephone";"In distance";"3 months";"Unstructured";"High risk";"Low risk";"Low risk";"Some concerns";"Some concerns";"High risk";NA;"Gjerdingen_2013_msd_CES-D_post_6.0_NA_Peersupport_CAU_NA_NA";0
"25";"Gjerdingen, 2013";"Functional recovery";"Peer support";"CAU";NA;NA;"msd";"EQ-5D - health state today";"QoL";"post";6;-0,24259664895297;0,391136262138505;80;11,2;11;82,5;8,9;14;NA;NA;NA;NA;NA;NA;NA;NA;NA;NA;NA;NA;NA;NA;NA;NA;NA;NA;NA;NA;NA;2013;"USA";"Yes";"Yes";"depression";"cut-off";"Mixed";NA;100;29,7;"Individual";"Telephone";"In distance";"3 months";"Unstructured";"High risk";"Low risk";"Low risk";"Some concerns";"Some concerns";"High risk";NA;"Gjerdingen_2013_msd_EQ-5D-healthstatetoday_post_6.0_NA_Peersupport_CAU_NA_NA";0
"26";"Griffiths, 2012";"Clinical recovery";"Peer support";"Other";NA;NA;"dich";"CES-D";"CES-D";"post";3;0,155971983879669;0,218652548675376;NA;NA;NA;NA;NA;NA;NA;NA;NA;NA;NA;NA;NA;NA;NA;NA;NA;0,209;0,243;NA;NA;NA;NA;NA;NA;NA;NA;2012;"Australia";"No";"No";"depression";"cut-off";"General population";NA;61;44,6;"Group";"Internet";"In distance";"3 months";"Unstructured";"Low risk";"Low risk";"High risk";"Some concerns";"Low risk";"High risk";NA;"Griffiths_2012_dich_CES-D_post_3.0_NA_Peersupport_Other_NA_NA";0
"27";"Griffiths, 2012";"Functional recovery";"Peer support";"Other";NA;NA;"msd";"EUROHIS QOL 8";"QoL";"post";3;0,186184295491201;0,180796774954685;3,55;0,77;53;3,41;0,73;71;NA;NA;NA;NA;NA;NA;NA;NA;NA;NA;NA;NA;NA;NA;NA;NA;NA;NA;NA;NA;NA;2012;"Australia";"No";"No";"depression";"cut-off";"General population";NA;61;44,6;"Group";"Internet";"In distance";"12 weeks";"Unstructured";"Low risk";"Low risk";"High risk";"Some concerns";"Low risk";"High risk";NA;"Griffiths_2012_msd_EUROHISQOL8_post_3.0_NA_Peersupport_Other_NA_NA";0
"28";"Griffiths, 2012";"Personal recovery";"Peer support";"Other";NA;NA;"msd";"Empowerment Scale -Power-powerlessness subscale";"Empowerment/Self-efficacy";"post";3;0,116664393981162;0,180561841561581;2,62;0,47;53;2,57;0,39;71;NA;NA;NA;NA;NA;NA;NA;NA;NA;NA;NA;NA;NA;NA;NA;NA;NA;NA;NA;NA;NA;2012;"Australia";"No";"No";"depression";"cut-off";"General population";NA;61;44,6;"Group";"Internet";"In distance";"3 months";"Unstructured";"Low risk";"Low risk";"High risk";"Some concerns";"Low risk";"High risk";NA;"Griffiths_2012_msd_EmpowermentScale-Power-powerlessnesssubscale_post_3.0_NA_Peersupport_Other_NA_NA";0
"29";"Johnson, 2018";"Clinical recovery";"Peer support";"CAU";NA;NA;"msd";"Brief Psychiatric Rating Scale";"Global severity";"post";4;0,166377147268867;0,0960035577925104;39;12;218;41;12;216;NA;NA;NA;NA;NA;NA;NA;NA;NA;NA;NA;NA;NA;NA;NA;NA;NA;NA;NA;NA;NA;2018;"UK";"No";"No";"SMI";"diagnosis";"Clinical";"Inpatients";60;40;"Individual";"Face to face";"In person";"4 months";"Structured";"High risk";"Low risk";"Some concerns";"Low risk";"Low risk";"High risk";NA;"Johnson_2018_msd_BriefPsychiatricRatingScale_post_4.0_NA_Peersupport_CAU_NA_NA";0
"30";"Johnson, 2018";"Functional recovery";"Peer support";"CAU";NA;NA;"msd";"UCLA Loneliness Scale (LS)";"Loneliness";"post";4;0;0,107597943366209;22;3;173;22;4;171;NA;NA;NA;NA;NA;NA;NA;NA;NA;NA;NA;NA;NA;NA;NA;NA;NA;NA;NA;NA;NA;2018;"UK";"No";"No";"SMI";NA;"Clinical";"Inpatients";60;40;"Individual";"Face to face";"In person";"4 months";"Structured";"High risk";"Low risk";"Some concerns";"Some concerns";"Low risk";"High risk";NA;"Johnson_2018_msd_UCLALonelinessScale(LS)_post_4.0_NA_Peersupport_CAU_NA_NA";0
"31";"Johnson, 2018";"Personal recovery";"Peer support";"CAU";NA;NA;"msd";"Questionnaire on the Process of Recovery";"Recovery - global";"post";4;0,12478286045165;0,0959308647562699;57;16;218;55;16;216;NA;NA;NA;NA;NA;NA;NA;NA;NA;NA;NA;NA;NA;NA;NA;NA;NA;NA;NA;NA;NA;2018;"UK";"No";"No";"SMI";"diagnosis";"Clinical";"Inpatients";60;40;"Individual";"Face to face";"In person";"4 months";"Structured";"High risk";"Low risk";"Some concerns";"Some concerns";"Low risk";"High risk";NA;"Johnson_2018_msd_QuestionnaireontheProcessofRecovery_post_4.0_NA_Peersupport_CAU_NA_NA";0
"32";"Kaplan, 2011";"Clinical recovery";"Peer support";"WL";NA;NA;"msd";"HSCL-25";"Global symptoms";"post";4;0,273249361137038;0,141900159874319;1,88;0,4;99;2,02;0,6;100;NA;NA;NA;NA;NA;NA;NA;NA;NA;NA;NA;NA;NA;NA;NA;"1.96";"0.04";"99";2,05;0,6;100;2011;"USA";"No";"No";"SMI";"diagnosis";"Mixed";NA;65,67;47;"Group";"Internet";"In distance";"4 months";"Unstructured";"Some concerns";"Low risk";"Low risk";"Some concerns";"Some concerns";"Some concerns";NA;"Kaplan_2011_msd_HSCL-25_post_4.0_NA_Peersupport_WL_NA_NA";0
"33";"Kaplan, 2011";"Functional recovery";"Peer support";"WL";NA;NA;"msd";"Lehmanâ€™s quality of life (QOL)";"QoL";"post";4;0,20709047950524;0,147647924266901;4,41;0,696491205974634;90;4,23;1;93;NA;NA;NA;NA;NA;NA;NA;NA;NA;NA;NA;NA;NA;NA;NA;NA;NA;NA;NA;NA;NA;2011;"USA";"No";"No";"SMI";"diagnosis";"Mixed";NA;65,67;47;"Group";"Internet";"In distance";"4 months (FU1), 12 months (FU2)";"Unstructured";"Some concerns";"Low risk";"Low risk";"Some concerns";"Some concerns";"Some concerns";NA;"Kaplan_2011_msd_Lehmanâ€™squalityoflife(QOL)_post_4.0_NA_Peersupport_WL_NA_NA";0
"34";"Kaplan, 2011";"Personal recovery";"Peer support";"WL";NA;NA;"msd";"RAS - total";"Recovery - global";"post";4;0,147273896942439;0,141430374453236;3,78;0,49749371855331;99;3,69;0,7;100;NA;NA;NA;NA;NA;NA;NA;NA;NA;NA;NA;NA;NA;NA;NA;NA;NA;NA;NA;NA;NA;2011;"USA";"No";"No";"SMI";"diagnosis";"Mixed";NA;65,67;47;"Group";"Internet";"In distance";"4 months";"Unstructured";"Some concerns";"Low risk";"Low risk";"Some concerns";"Some concerns";"Some concerns";NA;"Kaplan_2011_msd_RAS-total_post_4.0_NA_Peersupport_WL_NA_NA";0
"35";"Letourneau, 2011";"Clinical recovery";"Peer support";"WL";NA;NA;"msd";"EPDS";"Depression";"post";3;-0,600848566144488;0,283397245216129;11,8;4,68;23;8,68;5,44;28;NA;NA;NA;NA;NA;NA;NA;NA;NA;NA;NA;NA;NA;NA;NA;"18.2";"4.76";"23";16,1;4,67;28;2011;"Canada";"Yes";"Yes";"depression";"cut-off";"Mixed";NA;100;NA;"Individual";"Mixed";"Mixed";"3 months";"Structured";"Some concerns";"Low risk";"High risk";"Low risk";"Some concerns";"High risk";NA;"Letourneau_2011_msd_EPDS_post_3.0_NA_Peersupport_WL_NA_NA";0
"36";"Letourneau, 2011";"Functional recovery";"Peer support";"WL";NA;NA;"msd";"Social Provisions Scale (SPS)";"Social support";"post";3;-0,432047345843099;0,2803651989259;77,3;13,9;23;82,8;11,3;28;NA;NA;NA;NA;NA;NA;NA;NA;NA;NA;NA;NA;NA;NA;NA;NA;NA;NA;NA;NA;NA;2011;"Canada";"Yes";"Yes";"depression";"cut-off";"Mixed";NA;100;NA;"Individual";"Mixed";"Mixed";"12 weeks";"Structured";"Some concerns";"Low risk";"High risk";"Low risk";"Some concerns";"High risk";NA;"Letourneau_2011_msd_SocialProvisionsScale(SPS)_post_3.0_NA_Peersupport_WL_NA_NA";0
"37";"Ludman, 2007";"Clinical recovery";"Peer support";"Other";NA;NA;"dich";"SCID";"Depression";"post";12;0,294178297575699;0,375467516028423;NA;NA;NA;NA;NA;NA;NA;NA;NA;NA;NA;NA;NA;NA;NA;NA;NA;0,022;0,173;NA;NA;NA;NA;NA;NA;NA;NA;2007;"USA";"No";"No";"depression";"diagnosis";"Clinical";"Outpatients";72;50,2;"Group";"Face to face";"In person";"6 weeks + 6 months (booster)";"Structured";"Some concerns";"Low risk";"High risk";"Low risk";"Some concerns";"High risk";NA;"Ludman_2007_dich_SCID_post_12.0_NA_Peersupport_Other_NA_NA";0
"38";"Mahlke, 2017";"Clinical recovery";"Peer support";"CAU";NA;NA;"msd";"CGI";"Global severity";"post";6;0,338353786355267;0,200405546517805;4,5;0,9;61;4,8;0,85;42;NA;NA;NA;NA;NA;NA;NA;NA;NA;NA;NA;NA;NA;NA;NA;"4.8";"0.93";"88";4,8;0,99;76;2017;"Germany";"No";"No";"SMI";"diagnosis";"Clinical";"Inpatients + outpatients";57;41,48;"Individual";"Face to face";"In person";"6 months";"Unstructured";"Low risk";"Low risk";"High risk";"Low risk";"Some concerns";"High risk";NA;"Mahlke_2017_msd_CGI_post_6.0_NA_Peersupport_CAU_NA_NA";0
"39";"Mahlke, 2017";"Functional recovery";"Peer support";"CAU";NA;NA;"msd";"EQ-5D - POOLED";"QoL";"post";6;0,022;0,173;NA;NA;NA;NA;NA;NA;NA;NA;NA;NA;NA;NA;NA;NA;NA;NA;NA;-0,113;0,269;NA;NA;NA;NA;NA;NA;NA;NA;2017;"Germany";"No";"No";"SMI";"diagnosis";"Clinical";"Inpatients + outpatients";57;41,48;"Individual";"Face to face";"In person";"6 months";"Unstructured";"Low risk";"Low risk";"High risk";"Some concerns";"Some concerns";"High risk";NA;"Mahlke_2017_msd_EQ-5D-POOLED_post_6.0_NA_Peersupport_CAU_NA_NA";0
"40";"Mahlke, 2017";"Personal recovery";"Peer support";"CAU";NA;NA;"msd";"General Self-Efficacy Scale (GSE)";"Self-efficacy";"post";6;0,12637364435697;0,172990848765767;25,2;6,46;81;24,3;7,9;56;NA;NA;NA;NA;NA;NA;NA;NA;NA;NA;NA;NA;NA;NA;NA;NA;NA;NA;NA;NA;NA;2017;"Germany";"No";"No";"SMI";"diagnosis";"Clinical";"Inpatients + outpatients";57;41,48;"Individual";"Face to face";"In person";"6 months";"Unstructured";"Low risk";"Low risk";"High risk";"Some concerns";"Some concerns";"High risk";NA;"Mahlke_2017_msd_GeneralSelf-EfficacyScale(GSE)_post_6.0_NA_Peersupport_CAU_NA_NA";0
"41";"O'Connell, 2018";"Clinical recovery";"Peer support";"CAU";NA;NA;"msd";"Brief Psychiatric Rating Scale";"Global severity";"post";9;0,459;0,254;NA;NA;NA;NA;NA;NA;NA;NA;NA;NA;NA;NA;NA;NA;NA;NA;NA;-0,202;0,177;NA;NA;NA;NA;NA;NA;NA;NA;2018;"USA";"No";"No";"SMI";"diagnosis";"Clinical";"Inpatients";50;40,1;"Individual";"Mixed";"Mixed";"9 months";"Unstructured";"Some concerns";"Low risk";"High risk";"Low risk";"Some concerns";"High risk";NA;"O'Connell_2018_msd_BriefPsychiatricRatingScale_post_9.0_NA_Peersupport_CAU_NA_NA";0
"42";"O'Connell, 2018";"Functional recovery";"Peer support";"CAU";NA;NA;"msd";"SF-36- mean of two items on social functioning";"Social functioning";"post";9;0,141537753481539;0,249971220068286;53,7;22,16;34;50,7;19,39;29;NA;NA;NA;NA;NA;NA;NA;NA;NA;NA;NA;-0,23959;0,2434;NA;NA;NA;NA;NA;NA;NA;NA;2018;"USA";"No";"No";"SMI";"diagnosis";"Clinical";"Inpatients";50;40,1;"Individual";"Mixed";"Mixed";"up to 9 months";"Unstructured";"Some concerns";"Low risk";"High risk";"Low risk";"Some concerns";"High risk";NA;"O'Connell_2018_msd_SF-36-meanoftwoitemsonsocialfunctioning_post_9.0_NA_Peersupport_CAU_NA_NA";0
"43";"Pfeiffer, 2019";"Clinical recovery";"Peer support";"CAU";NA;NA;"msd";"Beck scale for Suicidal Ideation";"Global severity";"post";3;0,123660444591145;0,23672682500077;5,2;7,5;34;6,1;6,9;36;NA;NA;NA;NA;NA;NA;NA;NA;NA;NA;NA;-0,2841;0,2352;NA;NA;"22.6";"8.1999999999999993";"34";23,8;7;36;2019;"USA";"No";"No";"SMI";"other";"Clinical";"Inpatients";53;34;"Individual";"Face to face";"In person";"3 months";"Structured";"Some concerns";"Low risk";"High risk";"Some concerns";"Some concerns";"High risk";NA;"Pfeiffer_2019_msd_BeckscaleforSuicidalIdeation_post_3.0_NA_Peersupport_CAU_NA_NA";0
"44";"Pfeiffer, 2019";"Functional recovery";"Peer support";"CAU";NA;NA;"msd";"POOLED! NIH toolbox Social relationships";"Social support";"post";3;-0,113;0,269;NA;NA;24;NA;NA;31;NA;NA;NA;NA;NA;NA;NA;NA;NA;NA;NA;NA;NA;NA;NA;NA;NA;NA;NA;NA;NA;2019;"USA";"No";"No";"SMI";"other";"Clinical";"Inpatients";53;34;"Individual";"Face to face";"In person";"3 months";"Structured";"Some concerns";"Low risk";"High risk";"Some concerns";"Some concerns";"High risk";NA;"Pfeiffer_2019_msd_POOLED!NIHtoolboxSocialrelationships_post_3.0_NA_Peersupport_CAU_NA_NA";0
"45";"Pfeiffer, 2019";"Personal recovery";"Peer support";"CAU";NA;NA;"msd";"Hope Scale";"Hope";"post";3;0,017851003567912;0,236500820102236;41,3;10,5;34;41,1;11,6;36;NA;NA;NA;NA;NA;NA;NA;NA;NA;NA;NA;NA;NA;NA;NA;NA;NA;NA;NA;NA;NA;2019;"USA";"No";"No";"SMI";"other";"Clinical";"Inpatients";53;34;"Individual";"Face to face";"In person";"3 months";"Structured";"Some concerns";"Low risk";"High risk";"Some concerns";"Some concerns";"High risk";NA;"Pfeiffer_2019_msd_HopeScale_post_3.0_NA_Peersupport_CAU_NA_NA";0
"46";"Ranzenhofer, 2020";"Clinical recovery";"Peer support";"WL";NA;NA;"msd";"EPSI";"Global severity";"post";6;0,387;0,323;NA;NA;NA;NA;NA;NA;NA;NA;NA;NA;NA;NA;NA;NA;NA;NA;NA;NA;NA;NA;NA;NA;NA;NA;NA;NA;NA;2020;"USA";"No";"No";"other";"diagnosis";"Clinical";"Inpatients + outpatients";100;27,48;"Individual";"Mixed";"Mixed";"6 months";NA;"Low risk";"Low risk";"Low risk";"Some concerns";"Low risk";"Low risk";NA;"Ranzenhofer_2020_msd_EPSI_post_6.0_NA_Peersupport_WL_NA_NA";2
"47";"Ranzenhofer, 2020";"Functional recovery";"Peer support";"WL";NA;NA;"msd";"ED-QOL (Eating Disorder Quality of Life assessment survey)";"QoL";"post";6;0,347967596233602;0,325289160943164;1,29;0,88;17;1,56;0,64;20;NA;NA;NA;NA;NA;NA;NA;NA;NA;NA;NA;NA;NA;NA;NA;NA;NA;NA;NA;NA;NA;2020;"USA";"No";"No";"other";"diagnosis";"Clinical";"Inpatients + outpatients";100;27,48;"Individual";"Mixed";"Mixed";"6 months";NA;"Low risk";"Low risk";"Low risk";"Some concerns";"Low risk";"Low risk";NA;"Ranzenhofer_2020_msd_ED-QOL(EatingDisorderQualityofLifeassessmentsurvey)_post_6.0_NA_Peersupport_WL_NA_NA";2
"48";"Rivera, 2007";"Clinical recovery";"Peer support";"CAU";NA;NA;"msd";"Brief Symptom Inventory";"Symptoms (transdiagnostic)";"post";6;0,361501512186443;0,175817055418352;4,7;1,1;65;5,1;1,1;65;NA;NA;NA;NA;NA;NA;NA;NA;NA;NA;NA;NA;NA;NA;NA;"4.7";"1.1000000000000001";"65";4,8;1,1;65;2007;"USA";"No";"No";"SMI";"diagnosis";"Clinical";"Inpatients";49;38,3;"Mixed";"Face to face";"In person";"Unclear";"Unstructured";"Some concerns";"High risk";"Some concerns";"Low risk";"Some concerns";"High risk";NA;"Rivera_2007_msd_BriefSymptomInventory_post_6.0_NA_Peersupport_CAU_NA_NA";0
"49";"Rivera, 2007";"Functional recovery";"Peer support";"CAU";NA;NA;"msd";"POOLED - Lehman Quality of Life Inventory";"QoL";"post";6;-0,202;0,177;NA;NA;NA;NA;NA;NA;NA;NA;NA;NA;NA;NA;NA;NA;NA;NA;NA;NA;NA;NA;NA;NA;NA;NA;NA;NA;NA;2007;"USA";"No";"No";"SMI";"diagnosis";"Clinical";"Inpatients";49;38,3;"Mixed";"Face to face";"In person";"unclear";"Unstructured";"Some concerns";"High risk";"Some concerns";"Low risk";"Some concerns";"High risk";NA;"Rivera_2007_msd_POOLED-LehmanQualityofLifeInventory_post_6.0_NA_Peersupport_CAU_NA_NA";0
"50";"Rogers, 2016";"Clinical recovery";"Peer support";"CAU";NA;NA;"msd";"BASIS-24 - high support";"Global severity";"post";6;0,083;0,243;NA;NA;NA;NA;NA;NA;NA;NA;NA;NA;NA;NA;NA;NA;NA;NA;NA;NA;NA;NA;NA;NA;NA;NA;NA;NA;NA;2016;"USA";"Yes";"No";"SMI";"other";"Clinical";"Inpatients";55,75;39,67;"Individual";"Face to face";"In person";"6 months";"Unstructured";"High risk";"High risk";"High risk";"Some concerns";"Some concerns";"High risk";NA;"Rogers_2016_msd_BASIS-24-highsupport_post_6.0_NA_Peersupport_CAU_NA_NA";0
"51";"Rogers, 2016";"Clinical recovery";"Peer support";"CAU";NA;NA;"msd";"BASIS-24 - low support";"Global severity";"post";6;0,059;0,243;NA;NA;NA;NA;NA;NA;NA;NA;NA;NA;NA;NA;NA;NA;NA;NA;NA;NA;NA;NA;NA;NA;NA;NA;NA;NA;NA;2016;"USA";"Yes";"No";"SMI";"other";"Clinical";"Inpatients";55,75;39,67;"Individual";"Face to face";"In person";"6 months";"Unstructured";"High risk";"High risk";"High risk";"Some concerns";"Some concerns";"High risk";NA;"Rogers_2016_msd_BASIS-24-lowsupport_post_6.0_NA_Peersupport_CAU_NA_NA";0
"52";"Rogers, 2016";"Functional recovery";"Peer support";"CAU";NA;NA;"msd";"Lehmanâ€™s QoL - POOLED (high)";"QoL";"post";6;-0,23959;0,2434;NA;NA;NA;NA;NA;NA;NA;NA;NA;NA;NA;NA;NA;NA;NA;NA;NA;-0,079;0,243;NA;NA;NA;NA;NA;NA;NA;NA;2016;"USA";"Yes";"No";"SMI";"other";"Clinical";"Inpatients";55,75;39,67;"Individual";"Face to face";"In person";"6 months";"Unstructured";"High risk";"High risk";"High risk";"Some concerns";"Some concerns";"High risk";NA;"Rogers_2016_msd_Lehmanâ€™sQoL-POOLED(high)_post_6.0_NA_Peersupport_CAU_NA_NA";0
"53";"Rogers, 2016";"Functional recovery";"Peer support";"CAU";NA;NA;"msd";"Lehmanâ€™s QoL - POOLED (low)";"QoL";"post";6;-0,2841;0,2352;NA;NA;NA;NA;NA;NA;NA;NA;NA;NA;NA;NA;NA;NA;NA;NA;NA;NA;NA;NA;NA;NA;NA;NA;NA;NA;NA;2016;"USA";"Yes";"No";"SMI";"other";"Clinical";"Inpatients";55,75;39,67;"Individual";"Face to face";"In person";"6 months";"Unstructured";"High risk";"High risk";"High risk";"Some concerns";"Some concerns";"High risk";NA;"Rogers_2016_msd_Lehmanâ€™sQoL-POOLED(low)_post_6.0_NA_Peersupport_CAU_NA_NA";0
"54";"Rogers, 2016";"Personal recovery";"Peer support";"CAU";NA;NA;"msd";"RAS - total (high)";"Recovery - global";"post";6;-0,034;0,243;NA;NA;NA;NA;NA;NA;NA;NA;NA;NA;NA;NA;NA;NA;NA;NA;NA;NA;NA;NA;NA;NA;NA;NA;NA;NA;NA;2016;"USA";"Yes";"No";"SMI";"other";"Clinical";"Inpatients";55,75;39,67;"Individual";"Face to face";"In person";"6 months";"Unstructured";"High risk";"High risk";"High risk";"Some concerns";"Some concerns";"High risk";NA;"Rogers_2016_msd_RAS-total(high)_post_6.0_NA_Peersupport_CAU_NA_NA";0
"55";"Rogers, 2016";"Personal recovery";"Peer support";"CAU";NA;NA;"msd";"RAS - total (low)";"Recovery - global";"post";6;-0,102;0,243;NA;NA;NA;NA;NA;NA;NA;NA;NA;NA;NA;NA;NA;NA;NA;NA;NA;NA;NA;NA;NA;NA;NA;NA;NA;NA;NA;2016;"USA";"Yes";"No";"SMI";"other";"Clinical";"Inpatients";55,75;39,67;"Individual";"Face to face";"In person";"6 months";"Unstructured";"High risk";"High risk";"High risk";"Some concerns";"Some concerns";"High risk";NA;"Rogers_2016_msd_RAS-total(low)_post_6.0_NA_Peersupport_CAU_NA_NA";0
"56";"RÃ¼sch, 2014";"Personal recovery";"Peer support";"CAU";NA;NA;"msd";"Empowerment Scale";"Empowerment/Self-efficacy";"post";0,7;0,241478616707768;0,215453222742712;2,91;0,3;39;2,83;0,35;47;NA;NA;NA;NA;NA;NA;NA;NA;NA;NA;NA;NA;NA;NA;NA;NA;NA;NA;NA;NA;NA;2014;"Switzerland";"Yes";"No";"SMI";"diagnosis";"Mixed";NA;59;41,95;"Group";"Face to face";"In person";"0.75 months";"Structured";"Low risk";"Low risk";"High risk";"Some concerns";"Some concerns";"High risk";NA;"RÃ¼sch_2014_msd_EmpowermentScale_post_0.7_NA_Peersupport_CAU_NA_NA";0
"57";"Russinova, 2014";"Clinical recovery";"Peer support";"WL";NA;NA;"msd";"CES-D";"Depression";"post";5,3;0,0507744379823848;0,218886986719501;21,59;12,65;40;22,29;14,55;42;NA;NA;NA;NA;NA;NA;NA;NA;NA;NA;NA;NA;NA;NA;NA;"23.23";"13.24";"40";23,85;12,86;42;2014;"USA";"No";"No";"SMI";"diagnosis";"Clinical";"Outpatients";68;NA;"Group";"Face to face";"In person";"2.5 months";"Structured";"Some concerns";"Low risk";"Low risk";"Some concerns";"Some concerns";"Some concerns";NA;"Russinova_2014_msd_CES-D_post_5.3_NA_Peersupport_WL_NA_NA";0
"58";"Russinova, 2014";"Personal recovery";"Peer support";"WL";NA;NA;"msd";"Personal Growth and Recovery Scale";"Recovery - global";"post";2,3;0,20221435641305;0,219419977176949;3,2;0,54;40;3,08;0,63;42;NA;NA;NA;NA;NA;NA;NA;NA;NA;NA;NA;NA;NA;NA;NA;NA;NA;NA;NA;NA;NA;2014;"USA";"No";"No";"SMI";"diagnosis";"Clinical";"Outpatients";68;NA;"Group";"Face to face";"In person";"2.5 months";"Structured";"Some concerns";"Low risk";"Low risk";"Some concerns";"Some concerns";"Some concerns";NA;"Russinova_2014_msd_PersonalGrowthandRecoveryScale_post_2.3_NA_Peersupport_WL_NA_NA";0
"59";"Salzer, 2016";"Functional recovery";"Peer support";"CAU";NA;NA;"msd";"Lehmanâ€™s quality of life (QOL)";"QoL";"post";6;0,820974589298725;0,207817576475222;4,65;0,14;50;4,53;0,15;49;NA;NA;NA;NA;NA;NA;NA;NA;NA;NA;NA;NA;NA;NA;NA;NA;NA;NA;NA;NA;NA;2016;"USA";"No";"No";"SMI";"diagnosis";"Clinical";"Outpatients";46,5;48,7;"Individual";"Mixed";"Mixed";"6 months";"Structured";"Some concerns";"Low risk";"High risk";"Some concerns";"Some concerns";"High risk";NA;"Salzer_2016_msd_Lehmanâ€™squalityoflife(QOL)_post_6.0_NA_Peersupport_CAU_NA_NA";0
"60";"Salzer, 2016";"Personal recovery";"Peer support";"CAU";NA;NA;"msd";"RAS - total";"Recovery - global";"post";6;0,943158908475328;0,210420480656523;80,23;1,49;50;78,79;1,54;49;NA;NA;NA;NA;NA;NA;NA;NA;NA;NA;NA;NA;NA;NA;NA;NA;NA;NA;NA;NA;NA;2016;"USA";"No";"No";"SMI";"diagnosis";"Clinical";"Outpatients";46,5;48,7;"Individual";"Mixed";"Mixed";"6 months";"Structured";"Some concerns";"Low risk";"High risk";"Some concerns";"Some concerns";"High risk";NA;"Salzer_2016_msd_RAS-total_post_6.0_NA_Peersupport_CAU_NA_NA";0
"61";"Shorey, 2019";"Clinical recovery";"Peer support";"CAU";NA;NA;"msd";"EPDS";"Depression";"post";1;0,484176257261954;0,188831059576862;11,4;2;56;12,4;2,1;58;NA;NA;NA;NA;NA;NA;NA;NA;NA;NA;NA;-0,034;0,243;NA;NA;NA;NA;NA;NA;NA;NA;2019;"Singapore";"Yes";"Yes";"depression";"cut-off";"Other";NA;100;32,1;"Individual";"Mixed";"Mixed";"1 month";"Unstructured";"Low risk";"Low risk";"Low risk";"Some concerns";"Low risk";"Low risk";NA;"Shorey_2019_msd_EPDS_post_1.0_NA_Peersupport_CAU_NA_NA";2
"62";"Shorey, 2019";"Functional recovery";"Peer support";"CAU";NA;NA;"msd";"Perceived Social Support for Parenting";"Social support";"post";1;-0,340828402366866;0,284403550003353;32,3;2,6;20;33,2;2,6;31;NA;NA;NA;NA;NA;NA;NA;NA;NA;NA;NA;-0,102;0,243;NA;NA;NA;NA;NA;NA;NA;NA;2019;"Singapore";"Yes";"Yes";"depression";"cut-off";"Other";NA;100;32,1;"Individual";"Mixed";"Mixed";"4 weeks";"Unstructured";"Low risk";"Low risk";"Low risk";"Some concerns";"Low risk";"Low risk";NA;"Shorey_2019_msd_PerceivedSocialSupportforParenting_post_1.0_NA_Peersupport_CAU_NA_NA";2
"63";"Solomon, 1995";"Clinical recovery";"Peer support";"Other";NA;NA;"msd";"Brief Psychiatric Rating Scale";"Symptoms (transdiagnostic)";"post";12;-0,143420609917323;0,202755516151702;29,02;6,61;48;28,15;5,36;48;NA;NA;NA;NA;NA;NA;NA;NA;NA;NA;NA;NA;NA;NA;NA;"29.65";"7.66";"48";30;8,14;48;1995;"USA";"No";"No";"SMI";"diagnosis";"Clinical";"Outpatients";48;37,09;"Individual";"Face to face";"In person";"12 months";"Unstructured";"High risk";"Some concerns";"Low risk";"Low risk";"Some concerns";"High risk";NA;"Solomon_1995_msd_BriefPsychiatricRatingScale_post_12.0_NA_Peersupport_Other_NA_NA";0
"64";"Solomon, 1995";"Functional recovery";"Peer support";"Other";NA;NA;"msd";"Lehman's Quality of Life - subjective QoL";"QoL";"post";12;-0,199822167082925;0,203004013949151;5,04;0,7;45;5,18;0,69;45;NA;NA;NA;NA;NA;NA;NA;NA;NA;NA;NA;NA;NA;NA;NA;NA;NA;NA;NA;NA;NA;1995;"USA";"No";"No";"SMI";"diagnosis";"Clinical";"Outpatients";48;37,09;"Individual";"Face to face";"In person";"1 year";"Unstructured";"High risk";"Some concerns";"Low risk";"Low risk";"Some concerns";"High risk";NA;"Solomon_1995_msd_Lehman'sQualityofLife-subjectiveQoL_post_12.0_NA_Peersupport_Other_NA_NA";0
"65";"van Gestel-Timmermans, 2012";"Functional recovery";"Peer support";"WL";NA;NA;"msd";"Manchester Short Assessment of Quality of Life";"QoL";"post";3;0,127777191839307;0,129475063265714;4,49;0,96;124;4,36;1,07;114;NA;NA;NA;NA;NA;NA;NA;NA;NA;NA;NA;NA;NA;NA;NA;NA;NA;NA;NA;NA;NA;2012;"NL";"No";"No";"SMI";"diagnosis";"Mixed";NA;66,02;43,49;"Group";"Face to face";"In person";"12 weeks";"Structured";"Low risk";"Low risk";"High risk";"Some concerns";"Some concerns";"High risk";NA;"vanGestel-Timmermans_2012_msd_ManchesterShortAssessmentofQualityofLife_post_3.0_NA_Peersupport_WL_NA_NA";0
"66";"van Gestel-Timmermans, 2012";"Personal recovery";"Peer support";"WL";NA;NA;"msd";"Dutch Empowerment Scale";"Empowerment/Self-efficacy";"post";3;0,336476455030162;0,126604602793719;3,55;0,48;136;3,38;0,53;117;NA;NA;NA;NA;NA;NA;NA;NA;NA;NA;NA;NA;NA;NA;NA;NA;NA;NA;NA;NA;NA;2012;"NL";"No";"No";"SMI";"diagnosis";"Mixed";NA;66,02;43,49;"Group";"Face to face";"In person";"3 months";"Structured";"Low risk";"Low risk";"High risk";"Some concerns";"Some concerns";"High risk";NA;"vanGestel-Timmermans_2012_msd_DutchEmpowermentScale_post_3.0_NA_Peersupport_WL_NA_NA";0
